{"cameraMode":{"drawMode":0,"name":"Shaded","section":"Shading Mode"},"sceneLighting":true,"audioPlay":false,"sceneViewState":{"showFog":true,"showMaterialUpdate":true,"showSkybox":true,"showFlares":true,"showImageEffects":true,"showParticleSystems":true},"in2DMode":false,"pivot":{"x":5.403674602508545,"y":3.3806989192962648,"z":0.029571477323770524},"rotation":{"x":0.5004376769065857,"y":0.0918557196855545,"z":-0.053498078137636188,"w":0.8592271208763123},"size":0.8660253882408142,"orthographic":false}